LAST NAME,FIRST NAME,Monthly Rate,Daily Rate,Hourly Rate,Per Minute Rate,Total Hours,Basic Pay,Total OT Hours,Total Overtime Pay,Adjustments/ Others,Total Earnings,Adjustment,Total Minutes,Total Late/ Undertime,Cash Advance/    Others,Total Deductions,Total Service Fee,Government Contributions,,,,Total Semi-monthly Contributions,Net Pay
,,,,,,,,,,,,,,,,,,SSS,Philhealth,HDMF,Withholding Tax,,
SAMPLE LAST NAME 1,SAMPLE FIRST NAME 1,"₱21,000.00","₱1,050.00",₱131.25,2.19,80,"₱10,500.00",4,₱525.00,,"₱11,025.00",,33,₱72.27,"₱1,250.00","₱1,322.27","₱9,702.73","₱1,000.00",₱500.00,₱400.00,₱0.00,₱950.00,"8,752.73"
SAMPLE LAST NAME 2,SAMPLE FIRST NAME 2,"₱21,000.00",₱965.52,₱120.69,2.01,,"₱10,500.00",,₱0.00,"₱2,641.09","₱13,141.09",,547,"₱1,099.47",,"₱1,099.47","₱12,041.62",₱0.00,₱0.00,₱0.00,₱0.00,₱0.00,"12,041.62"
SAMPLE LAST NAME 3,SAMPLE FIRST NAME 3,"₱19,500.00",₱975.00,₱121.88,2.03,84,"₱10,237.50",,₱0.00,,"₱10,237.50",,0,₱0.00,,₱0.00,"₱10,237.50",₱975.00,₱487.50,₱390.00,₱0.00,₱926.25,"9,311.25"
ANDRADE,SAMPLE FIRST NAME 4,"₱37,000.00","₱1,850.00",₱231.25,3.85,96,"₱22,200.00",,₱0.00,,"₱22,200.00",,0,₱0.00,"₱1,605.31","₱1,605.31","₱20,594.69","₱1,750.00",₱925.00,₱740.00,"₱1,304.10","₱2,359.55","18,235.14"
SAMPLE LAST NAME 5,SAMPLE FIRST NAME 5,"₱37,000.00","₱1,701.15",₱212.64,3.54,,"₱16,798.85",,₱0.00,"₱1,701.15","₱18,500.00",,0,₱0.00,,₱0.00,"₱18,500.00","₱1,750.00",₱925.00,₱740.00,"₱1,304.10","₱2,359.55","16,140.45"
SAMPLE LAST NAME 6,SAMPLE FIRST NAME 6,"₱20,000.00",₱919.54,₱114.94,1.92,,"₱10,000.00",,₱0.00,,"₱10,000.00",,19,₱71.04,,₱71.04,"₱9,928.96","₱1,000.00",₱500.00,₱400.00,₱0.00,₱950.00,"8,978.96"
SAMPLE LAST NAME 7,SAMPLE FIRST NAME 7,"₱21,000.00","₱1,050.00",₱131.25,2.19,116,"₱15,225.00",40,"₱5,250.00",,"₱20,475.00",,161,₱352.59,,₱352.59,"₱20,122.41","₱1,000.00",₱500.00,₱400.00,₱0.00,₱950.00,"19,172.41"
SAMPLE LAST NAME 8,SAMPLE FIRST NAME 8,"₱23,000.00","₱1,057.47",₱132.18,2.2,,"₱11,500.00",18,"₱2,379.31",,"₱13,879.31",,0,₱0.00,,₱0.00,"₱13,879.31","₱1,000.00",₱500.00,₱0.00,₱0.00,₱750.00,"13,129.31"
SAMPLE LAST NAME 9,SAMPLE FIRST NAME 9,"₱30,000.00","₱1,379.31",₱172.41,2.87,,"₱15,000.00",,₱0.00,"₱10,000.00","₱26,768.73",,0,₱0.00,"₱2,583.81","₱2,583.81","₱24,184.92","₱1,500.00",₱750.00,₱600.00,₱687.45,"₱1,768.73","22,416.19"
SAMPLE LAST NAME 10,SAMPLE FIRST NAME 10,"₱25,000.00","₱1,149.43",₱143.68,2.39,,"₱12,500.00",2,₱287.36,,"₱12,787.36",,453,"₱1,082.67",,"₱1,082.67","₱11,704.69","₱1,000.00",₱500.00,₱400.00,₱0.00,₱950.00,"10,754.69"
SAMPLE LAST NAME 11,SAMPLE FIRST NAME 11,"₱19,500.00",₱975.00,₱121.88,2.03,96,"₱11,700.00",4,₱487.50,"₱2,216.00","₱14,403.50",,0,₱0.00,,₱0.00,"₱14,403.50",₱975.00,₱487.50,₱390.00,₱0.00,₱926.25,"13,477.25"
SAMPLE LAST NAME 12,SAMPLE FIRST NAME 12,"₱21,000.00",₱965.52,₱120.69,2.01,,"₱10,500.00",,₱0.00,,"₱10,500.00",,45,₱90.45,,₱90.45,"₱10,409.55","₱1,000.00",₱500.00,₱400.00,₱0.00,₱950.00,"9,459.55"
SAMPLE LAST NAME 13,SAMPLE FIRST NAME 13,"₱29,000.00","₱1,450.00",₱181.25,3.02,78,"₱14,137.50",,₱0.00,,"₱14,137.50",,0,₱0.00,,₱0.00,"₱14,137.50","₱1,000.00",₱500.00,₱400.00,₱0.00,₱950.00,"13,187.50"
SAMPLE LAST NAME 14,SAMPLE FIRST NAME 14,"₱29,000.00","₱1,333.33",₱166.67,2.78,,"₱14,500.00",6,"₱1,000.00",,"₱15,500.00",,0,₱0.00,₱895.45,₱895.45,"₱14,604.55","₱1,000.00",₱500.00,₱400.00,₱0.00,₱950.00,"13,654.55"
SAMPLE LAST NAME 15,SAMPLE FIRST NAME 15,"₱29,000.00","₱1,450.00",₱181.25,3.02,84,"₱15,225.00",6,"₱1,087.50","₱1,977.24","₱18,289.74",,0,₱0.00,,₱0.00,"₱18,289.74","₱1,000.00",₱500.00,₱400.00,₱0.00,₱950.00,"17,339.74"
SAMPLE LAST NAME 16,SAMPLE FIRST NAME 16,"₱39,000.00","₱1,950.00",₱243.75,4.06,84,"₱20,475.00",,₱0.00,,"₱20,475.00",,0,₱0.00,,₱0.00,"₱20,475.00","₱1,750.00",₱975.00,₱780.00,"₱1,504.10","₱2,504.55","17,970.45"
SAMPLE LAST NAME 17,SAMPLE FIRST NAME 17,"₱50,000.00","₱2,298.85",₱287.36,4.79,,"₱25,000.00",,₱0.00,,"₱25,000.00",,0,₱0.00,,₱0.00,"₱25,000.00","₱1,750.00","₱1,250.00","₱1,000.00","₱2,604.10","₱3,302.05","21,697.95"
SAMPLE LAST NAME 18,SAMPLE FIRST NAME 18,"₱19,500.00",₱750.00,₱93.75,1.56,,"₱6,750.00",4,₱375.00,,"₱7,125.00",,0,₱0.00,,₱0.00,"₱7,125.00",₱975.00,₱487.50,₱390.00,₱0.00,₱926.25,"6,198.75"
SAMPLE LAST NAME 19,SAMPLE FIRST NAME 19,"₱32,000.00","₱1,471.26",₱183.91,3.07,,"₱16,000.00",,₱0.00,,"₱16,000.00",,0,₱0.00,,₱0.00,"₱16,000.00","₱1,600.00",₱800.00,₱640.00,₱804.10,"₱1,922.05","14,077.95"
SAMPLE LAST NAME 20,SAMPLE FIRST NAME 20,"₱20,000.00",₱919.54,₱114.94,1.92,,"₱10,000.00",1,₱114.94,,"₱10,114.94",,5783,₱44.16,,₱44.16,"₱10,070.78","₱1,000.00",₱500.00,₱400.00,₱0.00,₱950.00,"9,120.78"
SAMPLE LAST NAME 21,SAMPLE FIRST NAME 21,"₱19,500.00",₱750.00,₱93.75,1.56,,"₱9,750.00",,₱0.00,,"₱9,750.00",,0,₱0.00,,₱0.00,"₱9,750.00",₱975.00,₱487.50,₱390.00,₱0.00,₱926.25,"8,823.75"
SAMPLE LAST NAME 22,SAMPLE FIRST NAME 22,"₱35,000.00","₱1,750.00",₱218.75,3.65,84,"₱18,375.00",,₱0.00,,"₱18,375.00",,0,₱0.00,,₱0.00,"₱18,375.00","₱1,750.00",₱875.00,₱700.00,"₱1,104.10","₱2,214.55","16,160.45"
SAMPLE LAST NAME 23,SAMPLE FIRST NAME 23,"₱20,000.00",₱919.54,₱114.94,1.92,,"₱10,000.00",,₱0.00,,"₱10,000.00",,0,₱0.00,₱230.00,₱230.00,"₱9,770.00","₱1,000.00",₱500.00,₱400.00,₱0.00,₱950.00,"8,820.00"
SAMPLE LAST NAME 24,SAMPLE FIRST NAME 24,"₱29,000.00","₱1,450.00",₱181.25,3.02,102,"₱18,487.50",,₱0.00,,"₱18,487.50",,65,₱196.30,,₱196.30,"₱18,291.20","₱1,000.00",₱500.00,₱400.00,₱0.00,₱950.00,"17,341.20"
SAMPLE LAST NAME 25,SAMPLE FIRST NAME 25,"₱23,000.00","₱1,057.47",₱132.18,2.2,,"₱11,500.00",,₱0.00,,"₱11,500.00",,0,₱0.00,,₱0.00,"₱11,500.00","₱1,000.00",₱500.00,₱400.00,₱0.00,₱950.00,"10,550.00"
SAMPLE LAST NAME 26,SAMPLE FIRST NAME 26,"₱25,000.00","₱1,250.00",₱156.25,2.6,78,"₱12,187.50",,₱0.00,,"₱12,187.50",,0,₱0.00,,₱0.00,"₱12,187.50",₱0.00,₱0.00,₱0.00,₱0.00,₱0.00,"12,187.50"
SAMPLE LAST NAME 27,SAMPLE FIRST NAME 27,"₱29,000.00","₱1,450.00",₱181.25,3.02,96,"₱17,400.00",,₱0.00,,"₱17,400.00",,0,₱0.00,,₱0.00,"₱17,400.00","₱1,000.00",₱500.00,₱400.00,₱0.00,₱950.00,"16,450.00"
SAMPLE LAST NAME 28,SAMPLE FIRST NAME 28,"₱29,000.00","₱1,450.00",₱181.25,3.02,96,"₱17,400.00",,₱0.00,,"₱17,400.00",,0,₱0.00,,₱0.00,"₱17,400.00","₱1,000.00",₱500.00,₱400.00,₱0.00,₱950.00,"16,450.00"
SAMPLE LAST NAME 29,SAMPLE FIRST NAME 29,"₱19,500.00",₱812.50,₱101.56,1.69,,"₱4,875.00",1,₱101.56,,"₱4,976.56",,0,₱0.00,,₱0.00,"₱4,976.56",₱0.00,₱0.00,₱0.00,₱0.00,₱0.00,"4,976.56"
SAMPLE LAST NAME 30,SAMPLE FIRST NAME 30,"₱25,000.00","₱1,250.00",₱156.25,2.6,96,"₱15,000.00",,₱0.00,,"₱15,000.00",,0,₱0.00,,₱0.00,"₱15,000.00","₱1,000.00",₱500.00,₱400.00,₱0.00,₱950.00,"14,050.00"
SAMPLE LAST NAME 31,SAMPLE FIRST NAME 31,"₱30,000.00","₱1,379.31",₱172.41,2.87,,"₱15,000.00",,₱0.00,,"₱15,000.00",,0,₱0.00,,₱0.00,"₱15,000.00","₱1,500.00",₱750.00,₱600.00,₱687.45,"₱1,768.73","13,231.28"
SAMPLE LAST NAME 32,SAMPLE FIRST NAME 32,"₱21,000.00","₱1,050.00",₱131.25,2.19,84,"₱11,025.00",,₱0.00,,"₱11,025.00",,688,"₱1,506.72",,"₱1,506.72","₱9,518.28","₱1,000.00",₱500.00,₱400.00,₱0.00,₱950.00,"8,568.28"
SAMPLE LAST NAME 33,SAMPLE FIRST NAME 33,"₱21,000.00","₱1,050.00",₱131.25,2.19,102,"₱13,387.50",40,"₱5,250.00","₱1,073.88","₱19,711.38",,45,₱98.55,,₱98.55,"₱19,612.83","₱1,000.00",₱500.00,₱400.00,₱0.00,₱950.00,"18,662.83"
SAMPLE LAST NAME 34,SAMPLE FIRST NAME 34,"₱29,000.00","₱1,450.00",₱181.25,3.02,84,"₱15,225.00",,₱0.00,,"₱15,225.00",,0,₱0.00,,₱0.00,"₱15,225.00","₱1,000.00",₱500.00,₱400.00,₱0.00,₱950.00,"14,275.00"
SAMPLE LAST NAME 35,SAMPLE FIRST NAME 35,"₱19,500.00",₱896.55,₱112.07,1.87,,"₱7,956.90",5,₱560.34,,"₱8,517.24",,16,₱29.92,,₱29.92,"₱8,487.32",₱975.00,₱487.50,₱390.00,₱0.00,₱926.25,"7,561.07"
SAMPLE LAST NAME 36,SAMPLE FIRST NAME 36,"₱45,000.00","₱2,068.97",₱258.62,4.31,,"₱22,500.00",,₱0.00,,"₱25,439.55",,0,₱0.00,"₱10,764.25","₱10,764.25","₱14,675.30","₱1,750.00","₱1,125.00",₱900.00,"₱2,104.10","₱2,939.55","11,735.75"
SAMPLE LAST NAME 37,SAMPLE FIRST NAME 37,"₱50,000.00","₱2,298.85",₱287.36,4.79,,"₱25,000.00",,₱0.00,,"₱28,302.05",,0,₱0.00,,₱0.00,"₱28,302.05","₱1,750.00","₱1,250.00","₱1,000.00","₱2,604.10","₱3,302.05","25,000.00"
SAMPLE LAST NAME 38,SAMPLE FIRST NAME 38,"₱29,000.00","₱1,450.00",₱181.25,3.02,84,"₱15,225.00",18,"₱3,262.50",,"₱18,487.50",,0,₱0.00,"₱1,153.62","₱1,153.62","₱17,333.88","₱1,000.00",₱500.00,₱400.00,₱0.00,₱950.00,"16,383.88"
SAMPLE LAST NAME 39,SAMPLE FIRST NAME 39,"₱29,000.00","₱1,333.33",₱166.67,2.78,,"₱13,166.67",,₱0.00,,"₱13,166.67",,825,"₱2,293.50","₱4,000.00","₱6,293.50","₱6,873.17","₱1,000.00",₱500.00,₱400.00,₱0.00,₱950.00,"5,923.17"
SAMPLE LAST NAME 40,SAMPLE FIRST NAME 40,"₱25,000.00","₱1,149.43",₱143.68,2.39,,"₱12,500.00",3,₱431.03,,"₱12,931.03",,46,₱109.94,"₱1,250.00","₱1,359.94","₱11,571.09","₱1,000.00",₱500.00,₱400.00,₱0.00,₱950.00,"10,621.09"
SAMPLE LAST NAME 41,SAMPLE FIRST NAME 41,"₱25,000.00","₱1,149.43",₱143.68,2.39,,"₱11,350.57",,₱0.00,,"₱11,350.57",,270,₱645.30,,₱645.30,"₱10,705.27","₱1,000.00",₱500.00,₱400.00,₱0.00,₱950.00,
SAMPLE LAST NAME 42,SAMPLE FIRST NAME 42,"₱10,000.00",₱459.77,₱57.47,0.96,,"₱5,000.00",,₱0.00,,"₱5,475.00",,0,₱0.00,"₱5,000.00","₱5,000.00",₱475.00,₱500.00,₱250.00,₱200.00,₱0.00,₱475.00,0
SAMPLE LAST NAME 43,SAMPLE FIRST NAME 43,"₱36,000.00","₱1,800.00",₱225.00,3.75,84,"₱18,900.00",,₱0.00,,"₱18,900.00",,5,₱18.75,,₱18.75,"₱18,881.25","₱1,750.00",₱900.00,₱720.00,"₱1,204.10","₱2,287.05","16,594.20"
SAMPLE LAST NAME 44,SAMPLE FIRST NAME 44,"₱22,000.00","₱1,011.49",₱126.44,2.11,,"₱11,000.00",,₱0.00,,"₱11,000.00",,0,₱0.00,,₱0.00,"₱11,000.00","₱1,000.00",₱500.00,₱400.00,₱0.00,₱950.00,"10,050.00"
SAMPLE LAST NAME 45,SAMPLE FIRST NAME 45,"₱22,000.00","₱1,011.49",₱126.44,2.11,,"₱11,000.00",5,₱632.18,91.96,"₱11,724.14",,87,₱183.57,,₱183.57,"₱11,540.57","₱1,000.00",₱500.00,₱400.00,₱0.00,₱950.00,"10,590.57"
SAMPLE LAST NAME 46,SAMPLE FIRST NAME 46,"₱55,000.00","₱2,528.74",₱316.09,5.27,,"₱27,500.00",16,"₱5,057.47",,"₱32,557.47",,0,₱0.00,,₱0.00,"₱32,557.47","₱1,750.00","₱1,375.00","₱1,100.00","₱3,104.10","₱3,664.55","28,892.92"
SAMPLE LAST NAME 47,SAMPLE FIRST NAME 47,"₱25,000.00","₱1,250.00",₱156.25,2.6,108,"₱16,875.00",6,₱937.50,862.08,"₱18,674.58",,0,₱0.00,,₱0.00,"₱18,674.58","₱1,000.00",₱500.00,₱400.00,₱0.00,₱950.00,"17,724.58"
SAMPLE LAST NAME 48,SAMPLE FIRST NAME 48,"₱29,000.00","₱1,450.00",₱181.25,3.02,84,"₱15,225.00",,₱0.00,,"₱15,225.00",,46,₱138.92,,₱138.92,"₱15,086.08","₱1,000.00",₱500.00,₱400.00,₱0.00,₱950.00,"14,136.08"
RAVALO,RIO,"₱19,500.00",₱896.55,₱112.07,1.87,24,"₱2,689.66",,,,"₱2,689.66",,0,₱0.00,,₱0.00,"₱2,689.66",₱0.00,₱0.00,₱0.00,₱0.00,₱0.00,"2,689.66"
SAMPLE LAST NAME 49,SAMPLE FIRST NAME 49,"₱50,000.00",,,,,,,,,"₱25,000.00",,0,₱0.00,,₱0.00,"₱25,000.00",₱0.00,₱0.00,₱0.00,"₱2,500.00","₱1,250.00","23,750.00"
#REF!,#REF!,#REF!,,,,,,,,,#REF!,,0,₱0.00,,₱0.00,#REF!,₱0.00,₱0.00,₱0.00,₱0.00,₱0.00,#REF!
,,,,,,,,,,,,,,,,,,,,,,,#REF!